{"cameraMode":{"drawMode":0,"name":"Shaded","section":"Shading Mode"},"sceneLighting":false,"audioPlay":false,"sceneViewState":{"m_AlwaysRefresh":false,"showFog":true,"showSkybox":false,"showFlares":true,"showImageEffects":true,"showParticleSystems":true,"showVisualEffectGraphs":true,"m_FxEnabled":true},"in2DMode":false,"pivot":{"x":8.913456916809082,"y":18.348175048828126,"z":2.0098114013671877},"rotation":{"x":0.5862140655517578,"y":-0.006076074205338955,"z":0.004396714735776186,"w":0.8101215958595276},"size":105.64411926269531,"orthographic":false}