{"cameraMode":{"drawMode":0,"name":"Shaded","section":"Shading Mode"},"sceneLighting":false,"audioPlay":false,"sceneViewState":{"m_AlwaysRefresh":false,"showFog":true,"showSkybox":false,"showFlares":true,"showImageEffects":true,"showParticleSystems":true,"showVisualEffectGraphs":true,"m_FxEnabled":true},"in2DMode":false,"pivot":{"x":25.800432205200197,"y":2.7625465393066408,"z":-57.55168914794922},"rotation":{"x":0.6920910477638245,"y":-0.004330852068960667,"z":0.004152555484324694,"w":0.72178715467453},"size":60.145172119140628,"orthographic":true}