{"cameraMode":{"drawMode":0,"name":"Shaded","section":"Shading Mode"},"sceneLighting":false,"audioPlay":false,"sceneViewState":{"m_AlwaysRefresh":false,"showFog":true,"showSkybox":false,"showFlares":true,"showImageEffects":true,"showParticleSystems":true,"showVisualEffectGraphs":true,"m_FxEnabled":true},"in2DMode":false,"pivot":{"x":15.571069717407227,"y":0.0700225830078125,"z":14.344618797302246},"rotation":{"x":0.687756359577179,"y":0.002177819376811385,"z":-0.002063275780528784,"w":0.7259350419044495},"size":65.04486083984375,"orthographic":false}