{"cameraMode":{"drawMode":0,"name":"Shaded","section":"Shading Mode"},"sceneLighting":false,"audioPlay":false,"sceneViewState":{"m_AlwaysRefresh":false,"showFog":true,"showSkybox":false,"showFlares":true,"showImageEffects":true,"showParticleSystems":true,"showVisualEffectGraphs":true,"m_FxEnabled":true},"in2DMode":false,"pivot":{"x":-0.040074821561574939,"y":1.8801286220550538,"z":2.142218828201294},"rotation":{"x":0.4876941442489624,"y":0.06275177747011185,"z":-0.03517477959394455,"w":0.8700458407402039},"size":5.833898544311523,"orthographic":true}