{"cameraMode":{"drawMode":0,"name":"Shaded","section":"Shading Mode"},"sceneLighting":false,"audioPlay":false,"sceneViewState":{"m_AlwaysRefresh":false,"showFog":true,"showSkybox":false,"showFlares":true,"showImageEffects":true,"showParticleSystems":true,"showVisualEffectGraphs":true,"m_FxEnabled":true},"in2DMode":false,"pivot":{"x":-0.07462044060230255,"y":-0.4875364303588867,"z":0.5890838503837586},"rotation":{"x":0.2513912320137024,"y":0.04498722404241562,"z":-0.011698119342327118,"w":0.9667689800262451},"size":7.071244716644287,"orthographic":false}